learning_rate,n_epochs,batch_size,lr_decay,patience,avg_macro_f1
0.005,15,512,0.95,5,0.9128440290328853
0.01,15,512,0.95,5,0.9292277520350746
0.02,15,512,0.95,5,0.9378366631020018
