learning_rate,lambda_param,n_epochs,batch_size,lr_decay,patience,avg_macro_f1
0.005,0.0001,15,512,0.95,5,0.9126105164781623
0.01,0.0005,15,512,0.95,5,0.9302916671342194
0.02,0.001,15,512,0.95,5,0.9373942506503115
