learning_rate,lambda_param,n_epochs,batch_size,lr_decay,patience,pos_weight_scale,avg_cv_macro_f1
0.005,0.0001,15,512,0.95,5,1.0,0.8423908347968846
0.01,0.0005,15,512,0.95,5,1.0,0.8802580799324952
0.02,0.001,15,512,0.95,5,1.0,0.8870329483002334
